Designator,Footprint,Quantity,Value,LCSC Part #
C1,0402,1,100nF,
C2,1206,1,100uF,
J1,PinHeader_2x12_P2.00mm_Vertical,1,Conn_02x12_Top_Bottom,
J2,PinHeader_1x04_P2.54mm_Vertical,1,Conn_01x04,
"LED1, LED10, LED11, LED12, LED13, LED14, LED15, LED16, LED17, LED18, LED19, LED2, LED20, LED21, LED22, LED23, LED24, LED25, LED26, LED27, LED28, LED29, LED3, LED30, LED31, LED32, LED33, LED34, LED35, LED36, LED37, LED38, LED39, LED4, LED40, LED41, LED42, LED43, LED44, LED45, LED46, LED47, LED48, LED5, LED6, LED7, LED8, LED9",LED RGB XINGLIGHT XL-2012RGBC 0805,48,XL-2012RGBC,C965848
"R1, R2, R3, R4",0402,4,10K,
"U1, U2",SOIC-28_L17.9-W7.5-P1.27-LS10.3-BL,2,TM1640,C41327
